feature_1,feature_2,model,n_samples_used,cv_mae_mean,cv_mae_std,cv_rmse_mean,cv_r2_mean,best_single_mae_among_pair_features,mae_improvement_over_best_single,pearson_f1_cp,pearson_f2_cp,spearman_f1_cp,spearman_f2_cp,pair_pearson_corr,pair_spearman_corr,pair_redundancy_flag,ig_pair,ig_pair_gain_over_best_single,ig_feature_1,ig_feature_2,ig_n_rows,skipped,skip_reason
molecular_weight,rotatable_bonds,elasticnet,198,33.18257775348244,3.9400859902464096,45.68765098735701,0.89164060473283,43.27999617938966,10.097418425907222,0.8344647797898637,0.9186743672241442,0.8387825507550014,0.857004422556517,0.7155645619801079,0.6984493921379618,False,1.0239042707683799,0.23178899081619286,0.7009624198539596,0.792115279952187,198,False,
rotatable_bonds,logP,elasticnet,198,41.46300994066657,5.027939493606269,55.324209658648854,0.8404726857163496,43.27999617938966,1.8169862387230893,0.9186743672241442,0.7772973746635984,0.857004422556517,0.6826223255844466,0.7289432941992107,0.6030043110321045,False,0.934568544764937,0.14245326481275,0.792115279952187,0.40834526245874136,198,False,
rotatable_bonds,boiling_point,rf,198,41.602384798223376,6.202646365134862,57.55990029458056,0.8368325152977277,43.27999617938966,1.6776113811662867,0.9186743672241442,0.1373730264160619,0.857004422556517,0.5358102744246874,0.11120120324123856,0.3751396016412151,False,0.9198254713211732,0.1277101913689862,0.792115279952187,0.23872781589235248,198,False,
rotatable_bonds,H_bond_donors,elasticnet,198,43.5192409818716,5.06066807634765,58.943446349201906,0.8202375348077762,43.27999617938966,-0.23924480248193447,0.9186743672241442,0.0006785711616585098,0.857004422556517,-0.0025430764720517016,-0.010114429452593237,0.008390419523654304,False,0.862905788695308,0.07079050874312098,0.792115279952187,0.02386572061466863,198,False,
rotatable_bonds,TPSA,elasticnet,198,43.530243263705536,5.11469019544782,59.014140119165916,0.8199465252001826,43.27999617938966,-0.2502470843158733,0.9186743672241442,0.21875285968898114,0.857004422556517,0.22252892347644967,0.2302085372936698,0.27635165235044146,False,0.8436054080167044,0.05149012806451736,0.792115279952187,0.03937921506054454,198,False,
rotatable_bonds,H_bond_acceptors,elasticnet,198,43.64539077772341,5.219619044006213,58.970392879249424,0.8200389450727786,43.27999617938966,-0.36539459833374366,0.9186743672241442,0.28356957048634435,0.857004422556517,0.28897069740063147,0.28827993922051864,0.31008315864547964,False,0.8632362740901574,0.07112099413797035,0.792115279952187,0.05207864109597993,198,False,
rotatable_bonds,melting_point,elasticnet,198,43.74544014473096,4.638163219931065,59.38712457956984,0.8180870075148289,43.27999617938966,-0.4654439653413007,0.9186743672241442,-0.04911838477019179,0.857004422556517,0.17312100720536885,-0.07306824742052002,0.019464776785574917,False,0.9029431147804267,0.11082783482823966,0.792115279952187,0.06156896210398832,198,False,
TPSA,logP,linear,198,44.70495312687863,6.2161388978281575,60.941623764947536,0.8032568374293225,70.38379033922403,25.678837212345407,0.21875285968898114,0.7772973746635984,0.22252892347644967,0.6826223255844466,-0.30886507972072585,-0.3028863625448074,False,0.6434677103785111,0.23512244791976977,0.03937921506054454,0.40834526245874136,198,False,
molecular_weight,H_bond_acceptors,gbr,198,45.315879595164645,6.891169979380806,68.9186949728673,0.7555574052400406,50.547121290704766,5.23124169554012,0.8344647797898637,0.28356957048634435,0.8387825507550014,0.28897069740063147,0.26385159688510856,0.315168198728155,False,0.8236945051840103,0.12273208533005076,0.7009624198539596,0.05207864109597993,198,False,
molecular_weight,TPSA,rf,198,45.69165093000021,7.450557252153895,70.81500614516975,0.7476540187942831,50.547121290704766,4.855470360704558,0.8344647797898637,0.21875285968898114,0.8387825507550014,0.22252892347644967,0.1693248993820929,0.21691546677177267,False,0.8246475912273579,0.1236851713733983,0.7009624198539596,0.03937921506054454,198,False,
H_bond_acceptors,logP,linear,198,46.506200731093685,5.691674170898246,63.97257952664885,0.7863448381746241,70.38379033922403,23.87758960813035,0.28356957048634435,0.7772973746635984,0.28897069740063147,0.6826223255844466,-0.22157116771140078,-0.2602605372070979,False,0.6658310764390871,0.25748581398034576,0.05207864109597993,0.40834526245874136,198,False,
molecular_weight,melting_point,rf,198,46.51242687061372,8.625599581520545,73.47548822557076,0.7249757457221361,50.547121290704766,4.034694420091043,0.8344647797898637,-0.04911838477019179,0.8387825507550014,0.17312100720536885,0.14082789771343276,0.3676934227397472,False,0.7946681996761542,0.09370577982219463,0.7009624198539596,0.06156896210398832,198,False,
molecular_weight,logP,linear,198,47.46758429972875,7.5183687585554555,75.18218717512858,0.6977686733938506,50.547121290704766,3.079536990976017,0.8344647797898637,0.7772973746635984,0.8387825507550014,0.6826223255844466,0.7150991420408215,0.637415332767514,False,0.847324979086622,0.1463625592326624,0.7009624198539596,0.40834526245874136,198,False,
molecular_weight,boiling_point,rf,198,48.0797170004075,8.668144778114206,78.68757074896192,0.6766992144285734,50.547121290704766,2.4674042902972673,0.8344647797898637,0.1373730264160619,0.8387825507550014,0.5358102744246874,0.3185953799453114,0.6282714864223542,False,0.8242532244334231,0.12329080457946351,0.7009624198539596,0.23872781589235248,198,False,
molecular_weight,H_bond_donors,rf,198,50.100918787574244,8.218344886032876,76.85495735914336,0.6982013515493688,50.547121290704766,0.4462025031305217,0.8344647797898637,0.0006785711616585098,0.8387825507550014,-0.0025430764720517016,-0.12596511023400683,-0.1758552266775145,False,0.7969068272258193,0.09594440737185972,0.7009624198539596,0.02386572061466863,198,False,
logP,boiling_point,gbr,198,58.388125897343535,8.254040532389858,79.74832979501657,0.6853424572932407,70.38379033922403,11.9956644418805,0.7772973746635984,0.1373730264160619,0.6826223255844466,0.5358102744246874,0.08831009241451286,0.24187691726961205,False,0.6983039165731878,0.28995865411444643,0.40834526245874136,0.23872781589235248,198,False,
H_bond_donors,logP,gbr,198,68.29825470008977,10.498150798028336,89.23933301870822,0.5947885250207531,70.38379033922403,2.085535639134264,0.0006785711616585098,0.7772973746635984,-0.0025430764720517016,0.6826223255844466,-0.3019823404400124,-0.27633733202640254,False,0.48208965024438255,0.07374438778564119,0.02386572061466863,0.40834526245874136,198,False,
logP,melting_point,gbr,198,68.71852394348446,10.360463880405906,91.58201007783897,0.5731469664172133,70.38379033922403,1.6652663957395788,0.7772973746635984,-0.04911838477019179,0.6826223255844466,0.17312100720536885,-0.09598808616445317,-0.01792701800218303,False,0.5359934902692054,0.12764822781046403,0.40834526245874136,0.06156896210398832,198,False,
melting_point,boiling_point,gbr,198,82.46111513320324,10.551257205798095,120.82379837756959,0.30071953152349407,87.74637187965344,5.285256746450202,-0.04911838477019179,0.1373730264160619,0.17312100720536885,0.5358102744246874,0.8875035619272178,0.48663717142422885,True,0.3645861736541147,0.12585835776176224,0.06156896210398832,0.23872781589235248,198,False,
H_bond_donors,boiling_point,gbr,198,85.92742500597889,9.849261672441589,122.70792240272691,0.2686589029333772,87.74637187965344,1.8189468736745482,0.0006785711616585098,0.1373730264160619,-0.0025430764720517016,0.5358102744246874,-0.003736704434696763,0.07453073276508336,False,0.41967458491875,0.1809467690263975,0.02386572061466863,0.23872781589235248,198,False,
TPSA,boiling_point,gbr,198,86.72066102368626,10.74998397932378,120.94079986102592,0.2812980347162483,87.74637187965344,1.0257108559671764,0.21875285968898114,0.1373730264160619,0.22252892347644967,0.5358102744246874,0.13702130016205383,0.3187118327455737,False,0.32413022880192344,0.08540241290957096,0.03937921506054454,0.23872781589235248,198,False,
H_bond_acceptors,boiling_point,gbr,198,87.50611156069114,9.497709819820736,121.19034739200451,0.27965470728346054,87.74637187965344,0.24026031896229938,0.28356957048634435,0.1373730264160619,0.28897069740063147,0.5358102744246874,0.09317348960870242,0.23739388230609587,False,0.36698907680154114,0.12826126090918866,0.05207864109597993,0.23872781589235248,198,False,
H_bond_acceptors,melting_point,gbr,198,103.08724747455616,11.384790511458625,142.68325258843075,0.02448378841295007,106.02478353551774,2.937536060961577,0.28356957048634435,-0.04911838477019179,0.28897069740063147,0.17312100720536885,0.10023339065709899,0.16329462825912683,False,0.21057952150419568,0.14901055940020735,0.05207864109597993,0.06156896210398832,198,False,
TPSA,melting_point,gbr,198,104.77355458001037,13.948193910764491,144.43779695889248,-0.008837366840679692,106.15176160525007,1.3782070252397034,0.21875285968898114,-0.04911838477019179,0.22252892347644967,0.17312100720536885,0.15937536091757712,0.27736780943416534,False,0.1906916875733391,0.12912272546935077,0.03937921506054454,0.06156896210398832,198,False,
H_bond_donors,H_bond_acceptors,gbr,198,106.627904031002,13.180464637227537,144.34850333313875,0.011504566055226328,106.02478353551774,-0.6031204954842622,0.0006785711616585098,0.28356957048634435,-0.0025430764720517016,0.28897069740063147,0.07520944636652359,-0.025416224712342388,False,0.17944353968375104,0.1273648985877711,0.02386572061466863,0.05207864109597993,198,False,
H_bond_acceptors,TPSA,svr,198,106.76223572061033,12.825218032397835,146.09533737131775,-0.007218070646283092,106.02478353551774,-0.737452185092593,0.28356957048634435,0.21875285968898114,0.28897069740063147,0.22252892347644967,0.804518466758738,0.8279930265230048,False,0.1463338410652526,0.09425519996927267,0.05207864109597993,0.03937921506054454,198,False,
H_bond_donors,TPSA,svr,198,109.1265516236996,13.320383653386815,147.75049844642217,-0.031776443573471,108.52516913985541,-0.6013824838441906,0.0006785711616585098,0.21875285968898114,-0.0025430764720517016,0.22252892347644967,0.3684990319847204,0.2013074800135996,False,0.17260103474991118,0.13322181968936664,0.02386572061466863,0.03937921506054454,198,False,
H_bond_donors,melting_point,svr,198,109.38254899515721,13.724398351532272,148.6330063717361,-0.0430551547834786,106.15176160525007,-3.2307873899071353,0.0006785711616585098,-0.04911838477019179,-0.0025430764720517016,0.17312100720536885,0.019653067286073838,0.1622999517397193,False,0.13174379072349374,0.07017482861950541,0.02386572061466863,0.06156896210398832,198,False,
